{"train_loss": [0.3954578322791011, 0.3706102351673314, 0.3633351196193956, 0.3601223051222296, 0.3573609516268871, 0.3557610453477974, 0.3542898208391471, 0.3524083921492425, 0.3517757932996489, 0.3504622282226229, 0.3495107091515442, 0.3484611217115746, 0.34751982001659, 0.3466990831445475, 0.3460735660433118, 0.34185073300788965, 0.34082878479540674, 0.34070050986738154, 0.3407095108201595, 0.3401335471640519, 0.339820386868357, 0.33979841044040326, 0.33976612107349874, 0.3395925406224089, 0.33918346244780745, 0.3391696901920715, 0.33886964829241645, 0.33856578029570034, 0.33833981203576907, 0.33844182074395684, 0.33806030038601714, 0.33803551714928426, 0.33781316008398443, 0.3377217664418976, 0.33758281293462533, 0.3373671415887895, 0.33716378511626865, 0.33682175750940874, 0.3369240336405124, 0.33667617401138683, 0.33658339298162304, 0.3362933312283188, 0.33623772115329575], "val_loss": [0.3769744177162647, 0.3641207756102085, 0.36075338155031206, 0.35948091343045235, 0.3561678202450275, 0.36019478559494017, 0.35529871836304666, 0.3533130164444447, 0.3523877868056297, 0.351645238250494, 0.3507910421490669, 0.3525081032514572, 0.3506066371500492, 0.3489309151470661, 0.3485893395543098, 0.3459604865312576, 0.3461094082891941, 0.3459329695999622, 0.34554660111665725, 0.34568437322974205, 0.34568862631917, 0.3455490171909332, 0.3451970985531807, 0.34521846786141397, 0.3451328547298908, 0.34542594745755195, 0.3456067821383476, 0.34516247287392615, 0.34651358276605604, 0.3449009335041046, 0.34554420188069346, 0.3459510208666325, 0.34540203228592875, 0.3455726882815361, 0.3453864535689354, 0.3445350946485996, 0.34590550005435944, 0.34509412676095963, 0.3453485116362572, 0.3451016916334629, 0.3450283333659172, 0.3447981843352318, 0.34517730817198755], "macro": [0.7050435065601768, 0.7330273181731713, 0.7412115470414246, 0.7473415197100143, 0.7514034453725162, 0.754551441122348, 0.7550075605692993, 0.7571325362228475, 0.7594541970525731, 0.7608844982309358, 0.7637553697180267, 0.7624342848271505, 0.7632570071083045, 0.7658482909685647, 0.7667949849605997, 0.7694829604237323, 0.7689573502871317, 0.7689209608984988, 0.769756126082244, 0.7707127880969813, 0.7704424217859224, 0.7706456748882463, 0.7707765762699581, 0.7705516719461991, 0.7708648658576959, 0.7704388142058023, 0.7708043365065018, 0.77121043179595, 0.7698756353489757, 0.7719539856112096, 0.7705320824478575, 0.7704280128080478, 0.7714900025119803, 0.7706499639126636, 0.7717167833005075, 0.7725959762636866, 0.7703561262175252, 0.7718473100428102, 0.7716550743336115, 0.7721123586246249, 0.7713483135789323, 0.7722241401344462, 0.771574353252131], "micro": [0.7750199343782582, 0.7945493780711473, 0.7995822814094806, 0.8033826638893007, 0.8065236616384892, 0.8064399402837731, 0.8082583006590892, 0.8104380160586946, 0.8127843940869439, 0.8132817124850091, 0.8152909447085037, 0.813875990795057, 0.8145786804066684, 0.8175500889968061, 0.8180277510052328, 0.82086081843369, 0.8204019356933345, 0.8210303615272514, 0.8214522893482165, 0.8214326112976893, 0.8213212916608654, 0.821864247095544, 0.8220525596375741, 0.8219206553698475, 0.8220862329323966, 0.8217424206282722, 0.8215625772047307, 0.8222738917488197, 0.8208276583575127, 0.822264264928058, 0.8217525431945629, 0.8214623662822358, 0.821988359941772, 0.821761819397747, 0.8222533914509752, 0.8230125678937112, 0.8212079351785178, 0.8226107510522263, 0.8220853638975605, 0.8223707473997268, 0.8222413459754329, 0.8228532540824163, 0.8223862788342159]}