{"train_loss": [0.4178507912354391, 0.3694514248214784, 0.3600694422839118, 0.35529706543260586, 0.3522483430599254, 0.349623866012839, 0.34804776841825474, 0.3464951052691767, 0.344966526875079, 0.3436099258276934, 0.3423877225384686, 0.3412441933741335, 0.3406412488775827, 0.3397475117868413, 0.33842158092827096, 0.33759989766149573, 0.3369920860548488, 0.3360991452398196], "val_loss": [0.3740539367496967, 0.3610926531255245, 0.356080933958292, 0.35249128699302673, 0.3536778636276722, 0.3489899101853371, 0.3499522529542446, 0.34909892603755, 0.34682176932692527, 0.34740182146430015, 0.3462158565223217, 0.3455336268246174, 0.34530912786722184, 0.3458300778269768, 0.3470040600001812, 0.3458086669445038, 0.34628153368830683, 0.3463042452931404], "macro": [0.7089149180048353, 0.7407389791360628, 0.7535937305067025, 0.7607752664246816, 0.7637256547268365, 0.7672606475348178, 0.768207691463204, 0.7712013697412406, 0.7715719286976682, 0.7715967502936074, 0.7722840036044403, 0.7728368268132677, 0.7749268530309091, 0.7738483338210536, 0.7738807255966182, 0.7741832806428421, 0.7749868839010716, 0.773270490432267], "micro": [0.7781207709633796, 0.7992362352901554, 0.8063035338726294, 0.8135018598900743, 0.8106431218541565, 0.8168860019761506, 0.8165756609429644, 0.8189772270154798, 0.8204751276902791, 0.8191959193864791, 0.8207936143726895, 0.8218743524775298, 0.8221307220863392, 0.8212512713955824, 0.8213337717982316, 0.8216735641303112, 0.8211645370113126, 0.8212230030699985]}