{"train_loss": [0.39380057874273083, 0.3630889172436761, 0.35702467446770175, 0.35314894390236484, 0.35107264326569815, 0.34868166645367943, 0.3464779172601596, 0.3445518369720282, 0.3439328499179069, 0.34264045748554295, 0.34110465561105907, 0.33962216106920295, 0.3389032576579214, 0.33788236350309653, 0.3370885881895576, 0.33601562729298745, 0.3347779117809619, 0.334101461061363, 0.33307957802313926, 0.33198561306859625, 0.3310375007775312, 0.33073861074577915, 0.329429967872432], "val_loss": [0.3665066611766815, 0.36007517620921137, 0.35409546718001367, 0.35238145232200624, 0.3550179314613342, 0.35087379440665245, 0.3481159423291683, 0.34757462665438654, 0.34776082158088684, 0.34659793198108674, 0.348960076123476, 0.34759217336773873, 0.3456526380777359, 0.3491866393387318, 0.3482416269183159, 0.34652483835816383, 0.3482929611206055, 0.3467008720338345, 0.3483604410290718, 0.35037791579961775, 0.3490416619181633, 0.3477825891971588, 0.34925551250576975], "macro": [0.7315473640271023, 0.7486327005782801, 0.7592031060447794, 0.7626606125670463, 0.7615133699563751, 0.7669558451602319, 0.7704233080888093, 0.7693500152333691, 0.7699533243217515, 0.7709132850888966, 0.7693037943149043, 0.7723415041760242, 0.7715665899585068, 0.7692792963087959, 0.7709160024380178, 0.7711042617148922, 0.7700016471932929, 0.7707140636316749, 0.7690104619271182, 0.7703230066807173, 0.770009637829409, 0.7710407881541355, 0.767486323622446], "micro": [0.7916294286755685, 0.800412884342364, 0.8114649466398791, 0.8126132856331925, 0.8134680432001717, 0.8153451525253741, 0.8186967694881103, 0.8193634522052065, 0.8186422384907874, 0.8206719903625197, 0.8187475976287922, 0.8211795217249827, 0.8213247826740195, 0.8164590677462904, 0.8194850222075614, 0.8203691682568581, 0.8198013950760917, 0.8207516618531653, 0.8188898485807998, 0.8187658147246109, 0.8178920058288042, 0.8212354434957363, 0.8185033259148747]}