{"train_loss": [0.38775072745938116, 0.36174230997353957, 0.3559302266829652, 0.352634796190783, 0.3503836997545482, 0.34842300714690827, 0.34751114752448975, 0.3461527530287133, 0.3447301692324258, 0.3434683438695845, 0.3427266497592457, 0.34155127963081733, 0.34053769385228394, 0.3399484202835729, 0.3389698805379086, 0.33833285970766036, 0.33781913303938066, 0.33681682542047864, 0.33611397886536815, 0.33558896946125344, 0.33493270051609625, 0.3339059422413508, 0.33362019641803264, 0.33310365737135944, 0.3324245286280992, 0.3320097742022061, 0.33157362635018395, 0.33094761501895925, 0.33026935235073007], "val_loss": [0.37128140360116957, 0.35742778033018113, 0.3529371592402458, 0.3511273401975632, 0.3493598189949989, 0.34915839493274686, 0.34710740610957147, 0.34970582619309426, 0.34708415329456327, 0.34576491206884385, 0.3516561533510685, 0.3470387862622738, 0.3447720269858837, 0.3440518952906132, 0.34558398321270944, 0.3484272575378418, 0.34541014283895494, 0.344770582318306, 0.3431157059967518, 0.34403575465083125, 0.3464571359753609, 0.3486186754703522, 0.3448732489347458, 0.3445493818819523, 0.34535707578063013, 0.34642428398132324, 0.3446253725886345, 0.3451474086940289, 0.3442299747467041], "macro": [0.7348071419646673, 0.7532219702689761, 0.7583949141404456, 0.7631079991130476, 0.7656090989444452, 0.7664310391641876, 0.7693490354278676, 0.7690579251389706, 0.7715713136921092, 0.7719624568657689, 0.769639923303732, 0.7697406259913844, 0.7726601872050598, 0.775704158319773, 0.7738889858538976, 0.7718490580038384, 0.7738857718563813, 0.7749526475724017, 0.77637686711255, 0.7755495867296333, 0.775068645951074, 0.7724268125240198, 0.7754705280533624, 0.7763483072121943, 0.7743599078199247, 0.7744332309584876, 0.7756414102150505, 0.7758599290589016, 0.7751973324896785], "micro": [0.7924843621289603, 0.8052567585964843, 0.8107761022348108, 0.8131260377029381, 0.8166104346109093, 0.8160997562101975, 0.8191053687869199, 0.8156147879841689, 0.8200561412735308, 0.8215481861438043, 0.8155263325701259, 0.8199001373903643, 0.8219418792857651, 0.8231652478413749, 0.8213066468787347, 0.8184457372665683, 0.8221081162057522, 0.8223159131499685, 0.8243993794035375, 0.823714761037764, 0.8215909767952972, 0.8198934898081705, 0.8246113021693392, 0.8246006738935113, 0.8234417976001005, 0.8216222294136564, 0.8238254184290316, 0.8225055146592546, 0.823256903435046]}